                  epoch,         train/box_loss,         train/cls_loss,         train/dfl_loss,   metrics/precision(B),      metrics/recall(B),       metrics/mAP50(B),    metrics/mAP50-95(B),           val/box_loss,           val/cls_loss,           val/dfl_loss,                 lr/pg0,                 lr/pg1,                 lr/pg2
                      1,                 2.7562,                 3.5942,                 2.2237,                0.02185,                0.51754,                0.01665,                0.00527,                 2.5558,                  3.384,                  2.474,                  2e-05,                  2e-05,                  2e-05
                      2,                 2.6931,                 3.6111,                  2.241,                0.02148,                0.50877,                0.01668,                0.00534,                 2.5755,                 3.3551,                 2.4786,              4.812e-05,              4.812e-05,              4.812e-05
                      3,                 2.7437,                 3.6671,                 2.2107,                0.02074,                0.49123,                0.01726,                0.00544,                 2.5987,                 3.3254,                 2.4731,               6.04e-05,               6.04e-05,               6.04e-05
                      4,                 2.5833,                 3.1181,                 2.1181,                0.21415,                0.30702,                0.21062,                0.07506,                 2.0825,                 2.5173,                 2.0526,              5.684e-05,              5.684e-05,              5.684e-05
                      5,                 2.1806,                  2.195,                 1.7856,                0.50116,                0.59649,                0.48698,                0.17656,                 1.9713,                 2.6094,                 1.9117,              3.744e-05,              3.744e-05,              3.744e-05
